{"data":[{"__typename":"Recommendation","tileId":1968395368188269,"url":"https://www.bbc.com/future/article/20230811-which-is-the-best-position-to-sleep-in?utm_source=pocket-newtab-en-intl","title":"Which Is the Best Position to Sleep in?","excerpt":"If you live anywhere affected by the recent heatwaves, you may well have spent your nights tossing and turning, trying out different sleeping positions in an attempt to get comfortable. But what does the evidence say about which sleeping positions are actually the best?","publisher":"BBC","imageUrl":"https://s3.us-east-1.amazonaws.com/pocket-curatedcorpusapi-prod-images/e9fa2d18-6cf8-4330-8c6e-c747755ce08d.jpeg","timeToRead":7},{"__typename":"Recommendation","tileId":3803351365002339,"url":"https://getpocket.com/explore/item/the-sad-sad-story-of-laika-the-space-dog-and-her-one-way-trip-into-orbit?utm_source=pocket-newtab-en-intl","title":"The Sad, Sad Story of Laika, the Space Dog, and Her One-Way Trip Into Orbit","excerpt":"A stray Moscow pup traveled into orbit in 1957 with one meal and only a seven-day oxygen supply.","publisher":"Smithsonian Magazine","imageUrl":"https://s3.us-east-1.amazonaws.com/pocket-curatedcorpusapi-prod-images/20eea705-de35-456d-b9db-7fce004e7ffb.jpeg","timeToRead":7},{"__typename":"Recommendation","tileId":1731899241067449,"url":"https://www.marieclaire.co.uk/life/health-fitness/isometric-exercises?utm_source=pocket-newtab-en-intl","title":"Isometric exercises are trending right now - these are the 4 best moves for building muscle definition from home","excerpt":"Like the sound of building strength and fitness without moving?","publisher":"marieclaire.co.uk","imageUrl":"https://s3.us-east-1.amazonaws.com/pocket-curatedcorpusapi-prod-images/dcceaa16-9c42-4e56-92d4-0411bc80a6a2.jpeg","timeToRead":5},{"__typename":"Recommendation","tileId":2421259627811108,"url":"https://theweek.com/feature/briefing/1025673/new-covid-variant-eg5?utm_source=pocket-newtab-en-intl","title":"Understanding the New Covid-19 Variant, Eris","excerpt":"The formerly named EG.5 is making the rounds, but we don’t have to worry just yet.","publisher":"The Week","imageUrl":"https://s3.us-east-1.amazonaws.com/pocket-curatedcorpusapi-prod-images/4db7ad0c-5855-45f9-a0c2-9ea36e0e2143.jpeg","timeToRead":3},{"__typename":"Recommendation","tileId":1890265390778577,"url":"https://getpocket.com/explore/item/stabbing-crucifixion-eaten-by-eels-learn-all-about-murder-the-roman-way?utm_source=pocket-newtab-en-intl","title":"Stabbing, Crucifixion, Eaten by Eels: Learn All About Murder the Roman Way","excerpt":"Emma Southon discusses her book ‘A Fatal Thing Happened on the Way to the Forum.’","publisher":"Ars Technica","imageUrl":"https://s3.us-east-1.amazonaws.com/pocket-curatedcorpusapi-prod-images/393291e4-1326-4e4f-9eb2-ebc84986ee82.jpeg","timeToRead":10},{"__typename":"Recommendation","tileId":2478852304760241,"url":"https://getpocket.com/explore/item/what-were-we-thinking-the-top-10-most-dangerous-ads?utm_source=pocket-newtab-en-intl","title":"What Were We Thinking? The Top 10 Most Dangerous Ads","excerpt":"A look back at 10 colossally painful advertisements.","publisher":"Collectors Weekly","imageUrl":"https://s3.us-east-1.amazonaws.com/pocket-curatedcorpusapi-prod-images/2bcece92-a8c3-43f8-ada4-fb2127cb2921.jpeg","timeToRead":7},{"__typename":"Recommendation","tileId":971309819226747,"url":"https://www.theguardian.com/travel/2023/aug/16/take-the-high-road-the-man-who-visited-every-country-in-the-world-without-boarding-a-plane?utm_source=pocket-newtab-en-intl","title":"Take the High Road: the Man Who Visited Every Country in the World – Without Boarding a Plane","excerpt":"At 34, Torbjørn Pedersen embarked on a seemingly impossible journey that would take 10 years – and involve cerebral malaria and being held up at gunpoint. He reflects on the highs, the lows and the joy of getting married en route.","publisher":"The Guardian","imageUrl":"https://s3.us-east-1.amazonaws.com/pocket-curatedcorpusapi-prod-images/931b39f8-12d2-41e0-bcf0-86aebe355df5.jpeg","timeToRead":11},{"__typename":"Recommendation","tileId":2206433780796491,"url":"https://scroll.in/magazine/1054529/how-sumatra-became-a-popular-destination-for-sikh-immigrants-in-the-19th-century?utm_source=pocket-newtab-en-intl","title":"How Sumatra became a popular destination for Sikh immigrants in the 19th century","excerpt":"The story of how the large island in the Indonesian archipelago became home to Sikh policemen, security guards, traders and farmers.","publisher":"Scroll.in","imageUrl":"https://s3.us-east-1.amazonaws.com/pocket-curatedcorpusapi-prod-images/19c549a8-aeee-43c0-aac4-5483abd9d9ad.jpeg","timeToRead":6},{"__typename":"Recommendation","tileId":1375342547944477,"url":"https://www.wired.co.uk/article/labgenius-antibody-factory-machine-learning?utm_source=pocket-newtab-en-intl","title":"AI Is Building Highly Effective Antibodies That Humans Can’t Even Imagine","excerpt":"Robots, computers, and algorithms are hunting for potential new therapies in ways humans can’t—by processing huge volumes of data and building previously unimagined molecules.","publisher":"WIRED UK","imageUrl":"https://s3.us-east-1.amazonaws.com/pocket-curatedcorpusapi-prod-images/a83903f7-ff7b-444d-8982-3d1e0bd5fc0e.jpeg","timeToRead":5},{"__typename":"Recommendation","tileId":2023361394872022,"url":"https://getpocket.com/explore/item/how-to-fix-your-super-slow-computer?utm_source=pocket-newtab-en-intl","title":"How To Fix Your Super Slow Computer","excerpt":"Don’t toss it, just give it some love (and much-needed storage space).","publisher":"Popular Mechanics","imageUrl":"https://s3.us-east-1.amazonaws.com/pocket-curatedcorpusapi-prod-images/c5053e65-bcb7-47fb-9144-a577cf6dfca1.png","timeToRead":7},{"__typename":"Recommendation","tileId":3421343535943309,"url":"https://www.bikeradar.com/features/long-reads/gravel-changing-road-bike-design/?utm_source=pocket-newtab-en-intl","title":"How gravel is changing the way we think about road bike design","excerpt":"With road bikes becoming more capable, are we all set to become gravel riders by stealth?","publisher":"bikeradar.com","imageUrl":"https://s3.us-east-1.amazonaws.com/pocket-curatedcorpusapi-prod-images/f325ed35-265b-4bc1-984d-257eaef729fa.jpeg","timeToRead":13},{"__typename":"Recommendation","tileId":2317077635467846,"url":"https://www.atlasobscura.com/articles/algae-new-species-microscope-citizen-science?utm_source=pocket-newtab-en-intl","title":"Meet the Algae and Other Microbes in Your Neighborhood","excerpt":"All you need is a jar of local water and a microscope—you may even find new species. Welcome to Algae Obscura.","publisher":"Atlas Obscura","imageUrl":"https://s3.us-east-1.amazonaws.com/pocket-curatedcorpusapi-prod-images/47b1d150-5794-4adc-a2cf-c365eed3909f.jpeg","timeToRead":6},{"__typename":"Recommendation","tileId":4127579359096845,"url":"https://getpocket.com/explore/item/what-role-do-souvenirs-play-in-cultural-appropriation?utm_source=pocket-newtab-en-intl","title":"What Role Do Souvenirs Play in Cultural Appropriation?","excerpt":"The ethics of bringing items from around the world into your home can be hazy.","publisher":"Condé Nast Traveler","imageUrl":"https://s3.us-east-1.amazonaws.com/pocket-curatedcorpusapi-prod-images/da2e1cb4-bc87-47de-9b25-b83376e68d01.jpeg","timeToRead":6},{"__typename":"Recommendation","tileId":447975986717001,"url":"https://www.engadget.com/why-humans-cant-use-natural-language-processing-to-speak-with-the-animals-143050169.html?utm_source=pocket-newtab-en-intl","title":"Why humans can't use natural language processing to speak with the animals","excerpt":"We’ve been wondering what goes on inside the minds of animals since antiquity.","publisher":"Engadget","imageUrl":"https://s3.us-east-1.amazonaws.com/pocket-curatedcorpusapi-prod-images/b2660f37-3a06-4d69-a6ab-ba42ddf0d94c.jpeg","timeToRead":11},{"__typename":"Recommendation","tileId":1526577664362692,"url":"https://daily.jstor.org/why-we-connect-with-vincent-van-goghs-paintings/?utm_source=pocket-newtab-en-intl","title":"Why We Connect with Vincent van Gogh’s Paintings","excerpt":"Van Gogh was a troubled soul and master painter who relied on his emotions and color to create art that continues to attract millions of viewers.","publisher":"JSTOR Daily","imageUrl":"https://s3.us-east-1.amazonaws.com/pocket-curatedcorpusapi-prod-images/e9576399-e55a-4408-8007-27b69ea89d6c.jpeg","timeToRead":3},{"__typename":"Recommendation","tileId":4079821807405127,"url":"https://faroutmagazine.co.uk/the-greatest-song-of-all-time-according-to-science/?utm_source=pocket-newtab-en-intl","title":"The greatest song of all time, according to science","excerpt":"Pythagoras, one of the major figures of Ancient Greece, claimed that music was the language of maths — that there was a science to making sequenced sounds appealing to the human ear.","publisher":"faroutmagazine.co.uk","imageUrl":"https://s3.us-east-1.amazonaws.com/pocket-curatedcorpusapi-prod-images/5dffc3fc-e445-451c-9c86-3f41c47f6c40.jpeg","timeToRead":4},{"__typename":"Recommendation","tileId":4150704331043082,"url":"https://www.gq.com/story/pharrell-williams-september-2023-cover-profile?utm_source=pocket-newtab-en-intl","title":"Inside Pharrell's World at Louis Vuitton—and the New Era of Fashion He's Leading","excerpt":"With Pharrell Williams freshly enthroned at Louis Vuitton, a grand new convergence between fashion and pop culture is underway. GQ followed along for the audacious opening of Pharrell’s reign—and learned more about the ambitious revolution he’s planning to mount.","publisher":"GQ","imageUrl":"https://s3.us-east-1.amazonaws.com/pocket-curatedcorpusapi-prod-images/914b1897-632a-4c30-b59f-8f70e2fa3146.jpeg","timeToRead":28},{"__typename":"Recommendation","tileId":1427126825584702,"url":"https://www.vox.com/technology/23832211/light-bulb-ban-led-incandescent-energy-efficient-climate-sleep?utm_source=pocket-newtab-en-intl","title":"The LED Light Revolution Has Only Just Begun","excerpt":"The heir to the incandescent bulb is just getting started.","publisher":"Vox","imageUrl":"https://s3.us-east-1.amazonaws.com/pocket-curatedcorpusapi-prod-images/ef778c47-598b-4ee7-852f-68f0600dcc36.jpeg","timeToRead":11},{"__typename":"Recommendation","tileId":973716424272194,"url":"https://indianexpress.com/article/explained/this-quote-means-poverty-upsc-explained-8901224/?utm_source=pocket-newtab-en-intl","title":"This Quote Means: ‘Poverty anywhere is a threat to prosperity everywhere’","excerpt":"The topic of poverty has also been discussed in the UPSC CSE Examination. What are the arguments to be made for eradicating poverty as a whole, and why should it matter to the non-poor? We explain.","publisher":"The Indian Express","imageUrl":"https://s3.us-east-1.amazonaws.com/pocket-curatedcorpusapi-prod-images/ca103153-5ff4-45c9-a4a6-2a00821107d6.jpeg","timeToRead":4},{"__typename":"Recommendation","tileId":3128121806953753,"url":"https://getpocket.com/collections/your-no-recipe-guide-to-a-weeks-worth-of-meals?utm_source=pocket-newtab-en-intl","title":"Your No-Recipe Guide to a Week’s Worth of Meals","excerpt":"From a roasted chicken to bulgogi-style tofu—and a “no rules pizza” poised to take your weekend dinning to the next level.","publisher":"Pocket Collections","imageUrl":"https://s3.us-east-1.amazonaws.com/pocket-curatedcorpusapi-prod-images/88997486-6324-4a90-99f8-83f969b31568.jpeg"},{"__typename":"Recommendation","tileId":3569507941596798,"url":"https://bookriot.com/overrated-literary-classics/?utm_source=pocket-newtab-en-intl","title":"8 Overrated Literary Classics and 8 Books to Read Instead","excerpt":"It’s happened to the best of us: whether it was in high school English class, taking an age-old recommendation, or a dreaded requirement for your literature degree, almost every reader has encountered that one overrated book that’s considered a literary classic.","publisher":"Book Riot","imageUrl":"https://s3.us-east-1.amazonaws.com/pocket-curatedcorpusapi-prod-images/883230a3-e419-4d21-8071-9ff8cbdc9930.jpeg"},{"__typename":"Recommendation","tileId":303442567728810,"url":"https://psyche.co/ideas/if-you-dont-fancy-mindfulness-then-try-cooking-instead?utm_source=pocket-newtab-en-intl","title":"If You Don’t Fancy Mindfulness, Then Try Cooking Instead","excerpt":"When overwhelmed, I schedule in a cooking day: playful, daring and full of memories.","publisher":"psyche.co","imageUrl":"https://s3.us-east-1.amazonaws.com/pocket-curatedcorpusapi-prod-images/b774755e-8abe-46d7-bffd-7dfad5a6f18a.jpeg","timeToRead":8},{"__typename":"Recommendation","tileId":832221443433854,"url":"https://getpocket.com/explore/item/how-to-press-tofu-or-decide-if-it-s-even-necessary?utm_source=pocket-newtab-en-intl","title":"How to Press Tofu — or Decide If It’s Even Necessary","excerpt":"Turns out, it doesn’t take much—or anything—to deal with the water in your tofu.","publisher":"The Washington Post","imageUrl":"https://s3.us-east-1.amazonaws.com/pocket-curatedcorpusapi-prod-images/56505094-802a-4e78-936d-f808ea64a397.jpeg","timeToRead":5},{"__typename":"Recommendation","tileId":788865237232153,"url":"https://www.wired.com/story/zoom-became-a-part-of-daily-life-it-needs-to-tell-users-exactly-how-its-using-their-data/?utm_source=pocket-newtab-en-intl","title":"Zoom Became a Part of Daily Life. It Needs to Tell Users Exactly How It's Using Their Data","excerpt":"Zoom is populated by our faces, our voices, and more. If companies like it want to use customer data to train their AI—now or in the future—they need to let people choose if, and how much, to opt in.","publisher":"WIRED","imageUrl":"https://s3.us-east-1.amazonaws.com/pocket-curatedcorpusapi-prod-images/b8c24e60-465d-423a-8926-de07787041df.jpeg","timeToRead":5},{"__typename":"Recommendation","tileId":1716090182976287,"url":"https://www.livestrong.com/article/13777015-decision-making-changes-with-age/?utm_source=pocket-newtab-en-intl","title":"3 Reasons Decision-Making Gets Easier as You Age","excerpt":"With age comes wisdom and the ability to make better decisions. A doctor explains how making decisions can get easier with age and how to support brain health.","publisher":"Livestrong","imageUrl":"https://s3.us-east-1.amazonaws.com/pocket-curatedcorpusapi-prod-images/20c5f632-2f23-42b1-8d9e-e9a78be5fc48.jpeg","timeToRead":4},{"__typename":"Recommendation","tileId":2044904077108562,"url":"https://www.smithsonianmag.com/science-nature/inside-the-nerve-racking-dive-to-an-active-submarine-volcano-180982687/?utm_source=pocket-newtab-en-intl","title":"Inside the Nerve-Racking Dive to an Active Submarine Volcano","excerpt":"The chief pilot of a deep-sea submersible recounts exploring Loihi, which will become Hawaii’s next island.","publisher":"Smithsonian Magazine","imageUrl":"https://s3.us-east-1.amazonaws.com/pocket-curatedcorpusapi-prod-images/4601bf44-deef-43e4-bf7f-33df686ee0ef.jpeg","timeToRead":12},{"__typename":"Recommendation","tileId":1128209830838683,"url":"https://getpocket.com/collections/memory-hacks-if-youre-feeling-forgetful-or-just-fried?utm_source=pocket-newtab-en-intl","title":"Memory Hacks If You’re Feeling Forgetful (Or Just Fried)","excerpt":"How to remember names, dreams, and that elusive word on the tip of your tongue.","publisher":"Pocket Collections","imageUrl":"https://s3.us-east-1.amazonaws.com/pocket-curatedcorpusapi-prod-images/07638216-1bc2-418c-a2c6-e0ab3d7982c3.jpeg"},{"__typename":"Recommendation","tileId":2064644976520381,"url":"https://www.businessinsider.com/list-the-biggest-work-trends-buzzwords-of-the-year-2023-2?utm_source=pocket-newtab-en-intl","title":"From 'quiet hiring' to 'rage applying,' here's the top workplace buzzwords of 2023 – and what they mean","excerpt":"Fed-up employees are starting new workplace trends that push back on exploitative employers. ","publisher":"Business Insider","imageUrl":"https://s3.us-east-1.amazonaws.com/pocket-curatedcorpusapi-prod-images/14ada21a-15a9-41bc-b27c-816448086c25.jpeg","timeToRead":6},{"__typename":"Recommendation","tileId":1234347971043476,"url":"https://www.nytimes.com/interactive/2023/07/28/business/starlink.html?utm_source=pocket-newtab-en-intl","title":"Elon Musk’s Unmatched Power in the Stars","excerpt":"The tech billionaire has become the dominant power in satellite internet technology. The ways he is wielding that influence are raising global alarms.","publisher":"The New York Times","imageUrl":"https://s3.us-east-1.amazonaws.com/pocket-curatedcorpusapi-prod-images/099662be-0e52-41e4-a71f-06f491dc7945.jpeg","timeToRead":15},{"__typename":"Recommendation","tileId":2423263457532104,"url":"https://www.washingtonpost.com/wellness/2023/08/08/food-mistakes-kids-healthy-eating/?utm_source=pocket-newtab-en-intl","title":"To raise a healthy eater, avoid these 6 common food mistakes","excerpt":"Good eating habits can affect a kid’s health for a lifetime. Studies show that health problems like heart disease and diabetes can begin in early childhood.","publisher":"The Washington Post","imageUrl":"https://s3.us-east-1.amazonaws.com/pocket-curatedcorpusapi-prod-images/82b7ca80-56d2-4177-a2c4-3a91de2f1441.jpeg"}]}